datetime,dataset,seed_folder_name,train_slice,size,model,lr,batch_size,kernel,c,gamma,accuracy,precision,recall,f1
2026-10-04 03:54:47,SemEval_2020_Task_7_edits,Seed_35,train_2000.csv,2000,SVM_embeddings,-,-,rbf,1.0,scale,0.6491130820399114,0.6679664446505353,0.6935231809838079,0.6420732527229285
2026-10-04 03:54:48,SemEval_2020_Task_7_edits,Seed_35,train_100.csv,100,SVM_embeddings,-,-,rbf,1.0,scale,0.6031042128603105,0.5963988357138021,0.61188797702972,0.5856752619713901
2026-10-04 03:54:49,SemEval_2020_Task_7_edits,Seed_35,train_300.csv,300,SVM_embeddings,-,-,rbf,1.0,scale,0.6014412416851441,0.6189451489338507,0.6371545708428864,0.593184849799286
2026-10-04 03:54:51,SemEval_2020_Task_7_edits,Seed_35,train_1500.csv,1500,SVM_embeddings,-,-,rbf,1.0,scale,0.6529933481152993,0.668268131145352,0.6944224217360561,0.6451621822715572
2026-10-04 03:54:54,SemEval_2020_Task_7_edits,Seed_35,train_1750.csv,1750,SVM_embeddings,-,-,rbf,1.0,scale,0.6546563192904656,0.667825097160014,0.6941888619854721,0.6463175888625909
2026-10-04 03:54:55,SemEval_2020_Task_7_edits,Seed_35,train_200.csv,200,SVM_embeddings,-,-,rbf,1.0,scale,0.5665188470066519,0.6067812802131347,0.6194333140485833,0.5629947846645098
2026-10-04 03:54:56,SemEval_2020_Task_7_edits,Seed_35,train_25.csv,25,SVM_embeddings,-,-,rbf,1.0,scale,0.3203991130820399,0.6242966275386622,0.5047647617619119,0.2507564578395862
2026-10-04 03:54:57,SemEval_2020_Task_7_edits,Seed_35,train_50.csv,50,SVM_embeddings,-,-,rbf,1.0,scale,0.6169623059866962,0.5865490530504922,0.5974251287435628,0.5855020620754025
2026-10-04 03:54:58,SemEval_2020_Task_7_edits,Seed_35,train_500.csv,500,SVM_embeddings,-,-,rbf,1.0,scale,0.643569844789357,0.6427442390989051,0.6658988479147472,0.630362619836304
2026-10-04 03:55:00,SemEval_2020_Task_7_edits,Seed_35,train_900.csv,900,SVM_embeddings,-,-,rbf,1.0,scale,0.6535476718403548,0.6577673007019149,0.6832722649581806,0.6425091639724065
2026-10-04 03:55:02,SemEval_2020_Task_7_edits,Seed_35,train_1300.csv,1300,SVM_embeddings,-,-,rbf,1.0,scale,0.6513303769401331,0.6706929229181551,0.6965815994914539,0.64444736895703
2026-10-04 03:55:04,SemEval_2020_Task_7_edits,Seed_35,train_700.csv,700,SVM_embeddings,-,-,rbf,1.0,scale,0.6419068736141907,0.6459065740498227,0.6695022391737556,0.6304230626278822
2026-10-04 03:55:06,SemEval_2020_Task_7_edits,Seed_35,train_1100.csv,1100,SVM_embeddings,-,-,rbf,1.0,scale,0.6496674057649667,0.6653965120837833,0.6910383052275957,0.6418813566775347
2026-10-04 03:55:08,SemEval_2020_Task_7_edits,Seed_7,train_2000.csv,2000,SVM_embeddings,-,-,rbf,1.0,scale,0.6452328159645233,0.6642955731734086,0.6892541087231352,0.6381724096433872
2026-10-04 03:55:10,SemEval_2020_Task_7_edits,Seed_7,train_700.csv,700,SVM_embeddings,-,-,rbf,1.0,scale,0.6380266075388027,0.6413847455209825,0.6642703579106759,0.6261911070564437
2026-10-04 03:55:12,SemEval_2020_Task_7_edits,Seed_7,train_1500.csv,1500,SVM_embeddings,-,-,rbf,1.0,scale,0.647450110864745,0.666532734607424,0.6918311227295778,0.640433832083116
2026-10-04 03:55:13,SemEval_2020_Task_7_edits,Seed_7,train_500.csv,500,SVM_embeddings,-,-,rbf,1.0,scale,0.6169623059866962,0.6268188808706967,0.6470097923675244,0.6067292691660344
2026-10-04 03:55:15,SemEval_2020_Task_7_edits,Seed_7,train_900.csv,900,SVM_embeddings,-,-,rbf,1.0,scale,0.6402439024390244,0.6566237031757345,0.6808081024520203,0.632431645018424
2026-10-04 03:55:18,SemEval_2020_Task_7_edits,Seed_7,train_1750.csv,1750,SVM_embeddings,-,-,rbf,1.0,scale,0.6502217294900222,0.6676292847235982,0.6933674744834186,0.6428602578643287
2026-10-04 03:55:20,SemEval_2020_Task_7_edits,Seed_7,train_1300.csv,1300,SVM_embeddings,-,-,rbf,1.0,scale,0.6452328159645233,0.6572079957659895,0.6820330412050826,0.6363466851785824
2026-10-04 03:55:21,SemEval_2020_Task_7_edits,Seed_7,train_300.csv,300,SVM_embeddings,-,-,rbf,1.0,scale,0.5898004434589801,0.6179536052953775,0.6344568485861422,0.5840561936667464
2026-10-04 03:55:22,SemEval_2020_Task_7_edits,Seed_7,train_200.csv,200,SVM_embeddings,-,-,rbf,1.0,scale,0.5753880266075388,0.5933681659569985,0.6075967630189919,0.5668002131728267
2026-10-04 03:55:23,SemEval_2020_Task_7_edits,Seed_7,train_50.csv,50,SVM_embeddings,-,-,rbf,1.0,scale,0.573170731707317,0.564411675936705,0.5746912654367282,0.5533527801786229
2026-10-04 03:55:24,SemEval_2020_Task_7_edits,Seed_7,train_1100.csv,1100,SVM_embeddings,-,-,rbf,1.0,scale,0.647450110864745,0.6622210686985163,0.6874984822187462,0.639371922064827
2026-10-04 03:55:25,SemEval_2020_Task_7_edits,Seed_7,train_25.csv,25,SVM_embeddings,-,-,rbf,1.0,scale,0.4090909090909091,0.5647187970807932,0.5409300963523253,0.3953450348883422
2026-10-04 03:55:26,SemEval_2020_Task_7_edits,Seed_7,train_100.csv,100,SVM_embeddings,-,-,rbf,1.0,scale,0.5803769401330376,0.5923306040460574,0.6068960837672402,0.5699425751585205
2026-10-04 03:55:27,SemEval_2020_Task_7_edits,Seed_10,train_300.csv,300,SVM_embeddings,-,-,rbf,1.0,scale,0.6019955654101996,0.610278752295024,0.6279300320698251,0.5908304618506627
2026-10-04 03:55:30,SemEval_2020_Task_7_edits,Seed_10,train_1500.csv,1500,SVM_embeddings,-,-,rbf,1.0,scale,0.6236141906873615,0.6526886357254603,0.6739970144349925,0.6183937480821023
2026-10-04 03:55:31,SemEval_2020_Task_7_edits,Seed_10,train_200.csv,200,SVM_embeddings,-,-,rbf,1.0,scale,0.5703991130820399,0.5867548537559976,0.6001135657502839,0.5612145140358944
2026-10-04 03:55:33,SemEval_2020_Task_7_edits,Seed_10,train_1750.csv,1750,SVM_embeddings,-,-,rbf,1.0,scale,0.6446784922394678,0.6757806023763471,0.6999228609998072,0.6400301208663578
2026-10-04 03:55:34,SemEval_2020_Task_7_edits,Seed_10,train_100.csv,100,SVM_embeddings,-,-,rbf,1.0,scale,0.5925720620842572,0.5917454534727651,0.6066275257665689,0.5774751564225248
2026-10-04 03:55:36,SemEval_2020_Task_7_edits,Seed_10,train_2000.csv,2000,SVM_embeddings,-,-,rbf,1.0,scale,0.6441241685144125,0.6749447229745255,0.6990379052475948,0.6394224123437879
2026-10-04 03:55:38,SemEval_2020_Task_7_edits,Seed_10,train_700.csv,700,SVM_embeddings,-,-,rbf,1.0,scale,0.6175166297117517,0.6421669329681199,0.6628182876570456,0.6113079059914466
2026-10-04 03:55:39,SemEval_2020_Task_7_edits,Seed_10,train_1100.csv,1100,SVM_embeddings,-,-,rbf,1.0,scale,0.6258314855875832,0.6528861544617848,0.674648410436621,0.6202348075990463
2026-10-04 03:55:40,SemEval_2020_Task_7_edits,Seed_10,train_50.csv,50,SVM_embeddings,-,-,rbf,1.0,scale,0.5781596452328159,0.5748695515326773,0.5869885077174712,0.5613646464462505
2026-10-04 03:55:41,SemEval_2020_Task_7_edits,Seed_10,train_25.csv,25,SVM_embeddings,-,-,rbf,1.0,scale,0.4672949002217295,0.5736594468723085,0.5659724156649311,0.4658135183095041
2026-10-04 03:55:43,SemEval_2020_Task_7_edits,Seed_10,train_900.csv,900,SVM_embeddings,-,-,rbf,1.0,scale,0.6241685144124168,0.6474224621572986,0.6691051161727628,0.6177368845439828
2026-10-04 03:55:45,SemEval_2020_Task_7_edits,Seed_10,train_500.csv,500,SVM_embeddings,-,-,rbf,1.0,scale,0.6119733924611973,0.6316876488643797,0.6515617076289043,0.6044989652079356
2026-10-04 03:55:47,SemEval_2020_Task_7_edits,Seed_10,train_1300.csv,1300,SVM_embeddings,-,-,rbf,1.0,scale,0.6274944567627494,0.6533031148738504,0.6753776596884442,0.6216612987791177
2026-10-04 03:55:47,SemEval_2020_Task_7_edits,Seed_35,train_2000.csv,2000,SVM_tf-idf,-,-,rbf,1.0,scale,0.4706208425720621,0.5060430429818122,0.5067739470169349,0.4660450695128229
2026-10-04 03:55:47,SemEval_2020_Task_7_edits,Seed_35,train_100.csv,100,SVM_tf-idf,-,-,rbf,1.0,scale,0.5559866962305987,0.5063228438228439,0.5068196590170492,0.504995760788579
2026-10-04 03:55:47,SemEval_2020_Task_7_edits,Seed_35,train_300.csv,300,SVM_tf-idf,-,-,rbf,1.0,scale,0.45787139689578715,0.5097575721337506,0.5104901897762255,0.45651871228802127
2026-10-04 03:55:48,SemEval_2020_Task_7_edits,Seed_35,train_1500.csv,1500,SVM_tf-idf,-,-,rbf,1.0,scale,0.49722838137472286,0.5220438175270108,0.525181598062954,0.4897081044330889
2026-10-04 03:55:48,SemEval_2020_Task_7_edits,Seed_35,train_1750.csv,1750,SVM_tf-idf,-,-,rbf,1.0,scale,0.4861419068736142,0.5203490144279618,0.5228874270572186,0.4812604166957473
2026-10-04 03:55:48,SemEval_2020_Task_7_edits,Seed_35,train_200.csv,200,SVM_tf-idf,-,-,rbf,1.0,scale,0.49667405764966743,0.5165322485424054,0.519001192797503,0.4874506078504261
2026-10-04 03:55:48,SemEval_2020_Task_7_edits,Seed_35,train_25.csv,25,SVM_tf-idf,-,-,rbf,1.0,scale,0.3143015521064302,0.5316666666666667,0.5003256980008143,0.2408913169563509
2026-10-04 03:55:48,SemEval_2020_Task_7_edits,Seed_35,train_50.csv,50,SVM_tf-idf,-,-,rbf,1.0,scale,0.5371396895787139,0.5066679297713781,0.5075410515188526,0.5010782689800015
2026-10-04 03:55:48,SemEval_2020_Task_7_edits,Seed_35,train_500.csv,500,SVM_tf-idf,-,-,rbf,1.0,scale,0.5060975609756098,0.516503432358859,0.5191219010478048,0.4932723254100585
2026-10-04 03:55:48,SemEval_2020_Task_7_edits,Seed_35,train_900.csv,900,SVM_tf-idf,-,-,rbf,1.0,scale,0.5144124168514412,0.510895532481265,0.5126586527816466,0.49496532549295325
2026-10-04 03:55:49,SemEval_2020_Task_7_edits,Seed_35,train_1300.csv,1300,SVM_tf-idf,-,-,rbf,1.0,scale,0.4878048780487805,0.5092572182890305,0.5106187547765468,0.479039647962596
2026-10-04 03:55:49,SemEval_2020_Task_7_edits,Seed_35,train_700.csv,700,SVM_tf-idf,-,-,rbf,1.0,scale,0.5194013303769401,0.5160927425898877,0.5186976365467442,0.5002669493678045
2026-10-04 03:55:49,SemEval_2020_Task_7_edits,Seed_35,train_1100.csv,1100,SVM_tf-idf,-,-,rbf,1.0,scale,0.5027716186252772,0.5135861388580589,0.5157377845393445,0.49004393369324445
2026-10-04 03:55:49,SemEval_2020_Task_7_edits,Seed_7,train_2000.csv,2000,SVM_tf-idf,-,-,rbf,1.0,scale,0.4916851441241685,0.5357635092773463,0.5394394565985986,0.48890715837325793
2026-10-04 03:55:49,SemEval_2020_Task_7_edits,Seed_7,train_700.csv,700,SVM_tf-idf,-,-,rbf,1.0,scale,0.5099778270509978,0.5218700446100782,0.5253165913132914,0.4978816227626057
2026-10-04 03:55:50,SemEval_2020_Task_7_edits,Seed_7,train_1500.csv,1500,SVM_tf-idf,-,-,rbf,1.0,scale,0.5110864745011087,0.5238287505726136,0.5275679073189198,0.49936820378574304
2026-10-04 03:55:50,SemEval_2020_Task_7_edits,Seed_7,train_500.csv,500,SVM_tf-idf,-,-,rbf,1.0,scale,0.4983370288248337,0.5108110577231717,0.5125093745312734,0.4862237847843416
2026-10-04 03:55:50,SemEval_2020_Task_7_edits,Seed_7,train_900.csv,900,SVM_tf-idf,-,-,rbf,1.0,scale,0.5066518847006651,0.5206416887587055,0.5238580928096452,0.49534750100266667
2026-10-04 03:55:50,SemEval_2020_Task_7_edits,Seed_7,train_1750.csv,1750,SVM_tf-idf,-,-,rbf,1.0,scale,0.4911308203991131,0.5257288430628879,0.5289264108223161,0.4863523296134783
2026-10-04 03:55:50,SemEval_2020_Task_7_edits,Seed_7,train_1300.csv,1300,SVM_tf-idf,-,-,rbf,1.0,scale,0.5188470066518847,0.5261349690230791,0.530329197825823,0.5049740580144486
2026-10-04 03:55:50,SemEval_2020_Task_7_edits,Seed_7,train_300.csv,300,SVM_tf-idf,-,-,rbf,1.0,scale,0.4927937915742794,0.5132462686567164,0.5152135250380339,0.4837323424957659
2026-10-04 03:55:50,SemEval_2020_Task_7_edits,Seed_7,train_200.csv,200,SVM_tf-idf,-,-,rbf,1.0,scale,0.4656319290465632,0.5130416433479821,0.5142142892855357,0.46356426163648656
2026-10-04 03:55:50,SemEval_2020_Task_7_edits,Seed_7,train_50.csv,50,SVM_tf-idf,-,-,rbf,1.0,scale,0.5232815964523282,0.5106972241669476,0.5123758097809396,0.498890831172489
2026-10-04 03:55:51,SemEval_2020_Task_7_edits,Seed_7,train_1100.csv,1100,SVM_tf-idf,-,-,rbf,1.0,scale,0.5160753880266076,0.5198111351564038,0.52301599205754,0.500455330507144
2026-10-04 03:55:51,SemEval_2020_Task_7_edits,Seed_7,train_25.csv,25,SVM_tf-idf,-,-,rbf,1.0,scale,0.3143015521064302,0.4563545150501672,0.4988814844972037,0.24261647554584576
2026-10-04 03:55:51,SemEval_2020_Task_7_edits,Seed_7,train_100.csv,100,SVM_tf-idf,-,-,rbf,1.0,scale,0.43237250554323725,0.5054704879857416,0.5054061582635154,0.43234738829452485
2026-10-04 03:55:51,SemEval_2020_Task_7_edits,Seed_10,train_300.csv,300,SVM_tf-idf,-,-,rbf,1.0,scale,0.48725055432372505,0.5153409547940798,0.5174362710435907,0.4806746032857516
2026-10-04 03:55:51,SemEval_2020_Task_7_edits,Seed_10,train_1500.csv,1500,SVM_tf-idf,-,-,rbf,1.0,scale,0.49390243902439024,0.5186599639855942,0.5213160770532902,0.4863324138339693
2026-10-04 03:55:51,SemEval_2020_Task_7_edits,Seed_10,train_200.csv,200,SVM_tf-idf,-,-,rbf,1.0,scale,0.5271618625277162,0.5152127764612955,0.5176076910440193,0.5033512555387619
2026-10-04 03:55:51,SemEval_2020_Task_7_edits,Seed_10,train_1750.csv,1750,SVM_tf-idf,-,-,rbf,1.0,scale,0.5044345898004434,0.5226634079165297,0.5260951238152378,0.49473106435131753
2026-10-04 03:55:51,SemEval_2020_Task_7_edits,Seed_10,train_100.csv,100,SVM_tf-idf,-,-,rbf,1.0,scale,0.42738359201773835,0.5018119747899159,0.5017741970044355,0.4273059872924654
2026-10-04 03:55:52,SemEval_2020_Task_7_edits,Seed_10,train_2000.csv,2000,SVM_tf-idf,-,-,rbf,1.0,scale,0.49889135254988914,0.5235181238006538,0.5268736563171842,0.49132630654369785
2026-10-04 03:55:52,SemEval_2020_Task_7_edits,Seed_10,train_700.csv,700,SVM_tf-idf,-,-,rbf,1.0,scale,0.5238359201773836,0.5159943853427896,0.5185562150463905,0.5023314024608587
2026-10-04 03:55:52,SemEval_2020_Task_7_edits,Seed_10,train_1100.csv,1100,SVM_tf-idf,-,-,rbf,1.0,scale,0.4983370288248337,0.5197136454183267,0.5226188690565472,0.48967723402572716
2026-10-04 03:55:52,SemEval_2020_Task_7_edits,Seed_10,train_50.csv,50,SVM_tf-idf,-,-,rbf,1.0,scale,0.5737250554323725,0.5195597701646002,0.5206961080517403,0.5193028887717704
2026-10-04 03:55:52,SemEval_2020_Task_7_edits,Seed_10,train_25.csv,25,SVM_tf-idf,-,-,rbf,1.0,scale,0.31541019955654104,0.5735076010381905,0.501132800502832,0.2426957087767065
2026-10-04 03:55:52,SemEval_2020_Task_7_edits,Seed_10,train_900.csv,900,SVM_tf-idf,-,-,rbf,1.0,scale,0.520509977827051,0.5196819520445238,0.5228745705571864,0.5027428711639238
2026-10-04 03:55:52,SemEval_2020_Task_7_edits,Seed_10,train_500.csv,500,SVM_tf-idf,-,-,rbf,1.0,scale,0.5094235033259423,0.5164884398755366,0.5191361860478405,0.49518229738946384
2026-10-04 03:55:52,SemEval_2020_Task_7_edits,Seed_10,train_1300.csv,1300,SVM_tf-idf,-,-,rbf,1.0,scale,0.48946784922394676,0.5103048267554666,0.5118294085295735,0.48050166231688796
2026-10-04 03:56:24,SemEval_2020_Task_7_edits,Seed_35,train_2000.csv,2000,bert-base-uncased,5e-05,16,-,-,-,0.6568736141906873,0.7078977272727273,0.729982786574957,0.6548243560080924
2026-10-04 03:56:38,SemEval_2020_Task_7_edits,Seed_35,train_100.csv,100,bert-base-uncased,5e-05,16,-,-,-,0.5970066518847007,0.5622052626458646,0.569417957673545,0.5609466889087742
2026-10-04 03:56:54,SemEval_2020_Task_7_edits,Seed_35,train_300.csv,300,bert-base-uncased,5e-05,16,-,-,-,0.5587583148558758,0.5610455289170149,0.5709385959273465,0.5438627252917596
2026-10-04 03:57:18,SemEval_2020_Task_7_edits,Seed_35,train_1500.csv,1500,bert-base-uncased,5e-05,16,-,-,-,0.7372505543237251,0.7324916279488397,0.6070082210175205,0.6072085447125641
2026-10-04 03:57:53,SemEval_2020_Task_7_edits,Seed_35,train_1750.csv,1750,bert-base-uncased,5e-05,16,-,-,-,0.6784922394678492,0.7134734068372512,0.741870049354675,0.6747306312523704
2026-10-04 03:58:05,SemEval_2020_Task_7_edits,Seed_35,train_200.csv,200,bert-base-uncased,5e-05,16,-,-,-,0.6923503325942351,0.6565726176963407,0.51655202954138,0.45036443096672335
2026-10-04 03:58:19,SemEval_2020_Task_7_edits,Seed_35,train_25.csv,25,bert-base-uncased,5e-05,16,-,-,-,0.49944567627494457,0.5169896893923238,0.5195747355489369,0.48940307615924866
2026-10-04 03:58:30,SemEval_2020_Task_7_edits,Seed_35,train_50.csv,50,bert-base-uncased,5e-05,16,-,-,-,0.5593126385809313,0.5564267870490578,0.5655652931639132,0.541973323454314
2026-10-04 03:58:46,SemEval_2020_Task_7_edits,Seed_35,train_500.csv,500,bert-base-uncased,5e-05,16,-,-,-,0.5964523281596452,0.5730790062581071,0.5834565414586413,0.5689083795068407
2026-10-04 03:59:22,SemEval_2020_Task_7_edits,Seed_35,train_900.csv,900,bert-base-uncased,5e-05,16,-,-,-,0.70509977827051,0.6958978056310428,0.727060789817652,0.6911038442722146
2026-10-04 03:59:54,SemEval_2020_Task_7_edits,Seed_35,train_1300.csv,1300,bert-base-uncased,5e-05,16,-,-,-,0.7100886917960089,0.7041013702405796,0.7369510095923775,0.6975722555210759
2026-10-04 04:00:17,SemEval_2020_Task_7_edits,Seed_35,train_700.csv,700,bert-base-uncased,5e-05,16,-,-,-,0.7361419068736141,0.6936706990908226,0.6947795467369489,0.6942146405943753
2026-10-04 04:00:47,SemEval_2020_Task_7_edits,Seed_35,train_1100.csv,1100,bert-base-uncased,5e-05,16,-,-,-,0.7134146341463414,0.71096673468886,0.7451491711128729,0.7022717442137001
2026-10-04 04:01:29,SemEval_2020_Task_7_edits,Seed_7,train_2000.csv,2000,bert-base-uncased,5e-05,16,-,-,-,0.7544345898004434,0.7257203609371232,0.7514231431285578,0.7320889380568056
2026-10-04 04:01:47,SemEval_2020_Task_7_edits,Seed_7,train_700.csv,700,bert-base-uncased,5e-05,16,-,-,-,0.6945676274944568,0.6787209192757282,0.7059139900147849,0.6769751476597854
2026-10-04 04:02:21,SemEval_2020_Task_7_edits,Seed_7,train_1500.csv,1500,bert-base-uncased,5e-05,16,-,-,-,0.7172949002217295,0.7096097320101517,0.7431599848579,0.7044560943643512
2026-10-04 04:02:46,SemEval_2020_Task_7_edits,Seed_7,train_500.csv,500,bert-base-uncased,5e-05,16,-,-,-,0.6940133037694013,0.6429693961353007,0.6410022356025056,0.6419337579178102
2026-10-04 04:03:11,SemEval_2020_Task_7_edits,Seed_7,train_900.csv,900,bert-base-uncased,5e-05,16,-,-,-,0.700110864745011,0.7092629089475759,0.7426850086067125,0.6918713224859198
2026-10-04 04:03:46,SemEval_2020_Task_7_edits,Seed_7,train_1750.csv,1750,bert-base-uncased,5e-05,16,-,-,-,0.7394678492239468,0.7189201352643718,0.7501553493753883,0.7218515238001509
2026-10-04 04:04:18,SemEval_2020_Task_7_edits,Seed_7,train_1300.csv,1300,bert-base-uncased,5e-05,16,-,-,-,0.6335920177383592,0.6972621837979693,0.713033634032584,0.6325296062535458
2026-10-04 04:04:34,SemEval_2020_Task_7_edits,Seed_7,train_300.csv,300,bert-base-uncased,5e-05,16,-,-,-,0.6186252771618626,0.4886854298381093,0.492726792231817,0.4764874203649714
2026-10-04 04:04:55,SemEval_2020_Task_7_edits,Seed_7,train_200.csv,200,bert-base-uncased,5e-05,16,-,-,-,0.6945676274944568,0.6482565891817413,0.6524780903811952,0.650117724000314
2026-10-04 04:05:11,SemEval_2020_Task_7_edits,Seed_7,train_50.csv,50,bert-base-uncased,5e-05,16,-,-,-,0.6840354767184036,0.5565593826463392,0.5047219067618047,0.42872698585539837
2026-10-04 04:05:44,SemEval_2020_Task_7_edits,Seed_7,train_1100.csv,1100,bert-base-uncased,5e-05,16,-,-,-,0.6956762749445676,0.699052558068625,0.7312727220781818,0.685725754630915
2026-10-04 04:06:07,SemEval_2020_Task_7_edits,Seed_7,train_25.csv,25,bert-base-uncased,5e-05,16,-,-,-,0.6413525498891353,0.5669750243103536,0.5598198661495497,0.5612033947687478
2026-10-04 04:06:25,SemEval_2020_Task_7_edits,Seed_7,train_100.csv,100,bert-base-uncased,5e-05,16,-,-,-,0.5737250554323725,0.5497532544882158,0.5568014456420036,0.5444933570661883
2026-10-04 04:06:48,SemEval_2020_Task_7_edits,Seed_10,train_300.csv,300,bert-base-uncased,5e-05,16,-,-,-,0.7006651884700665,0.6546395994883405,0.6583613676459035,0.6563217936632478
2026-10-04 04:07:15,SemEval_2020_Task_7_edits,Seed_10,train_1500.csv,1500,bert-base-uncased,5e-05,16,-,-,-,0.7062084257206208,0.7174659033320469,0.7519381173798453,0.6986339366202067
2026-10-04 04:07:27,SemEval_2020_Task_7_edits,Seed_10,train_200.csv,200,bert-base-uncased,5e-05,16,-,-,-,0.5814855875831486,0.5860930735930736,0.6000007142500018,0.5683240729325103
2026-10-04 04:07:58,SemEval_2020_Task_7_edits,Seed_10,train_1750.csv,1750,bert-base-uncased,5e-05,16,-,-,-,0.7389135254988913,0.716486926135679,0.7463819666159549,0.7201605755901785
2026-10-04 04:08:15,SemEval_2020_Task_7_edits,Seed_10,train_100.csv,100,bert-base-uncased,5e-05,16,-,-,-,0.6286031042128604,0.5806849534355961,0.5856807159642018,0.5820625917181533
2026-10-04 04:08:48,SemEval_2020_Task_7_edits,Seed_10,train_2000.csv,2000,bert-base-uncased,5e-05,16,-,-,-,0.6164079822616408,0.6941275911194726,0.7034119722585299,0.6160639704751654
2026-10-04 04:09:12,SemEval_2020_Task_7_edits,Seed_10,train_700.csv,700,bert-base-uncased,5e-05,16,-,-,-,0.6962305986696231,0.6785362282634769,0.7051990257629976,0.6777512947422771
2026-10-04 04:09:48,SemEval_2020_Task_7_edits,Seed_10,train_1100.csv,1100,bert-base-uncased,5e-05,16,-,-,-,0.6967849223946785,0.6927376156536367,0.7238959480597399,0.6844264745998279
2026-10-04 04:10:03,SemEval_2020_Task_7_edits,Seed_10,train_50.csv,50,bert-base-uncased,5e-05,16,-,-,-,0.6108647450110865,0.5284538640294936,0.5255894348139736,0.5252738354962776
2026-10-04 04:10:14,SemEval_2020_Task_7_edits,Seed_10,train_25.csv,25,bert-base-uncased,5e-05,16,-,-,-,0.47671840354767187,0.5139113483110159,0.5155456512888641,0.4725695115485057
2026-10-04 04:10:42,SemEval_2020_Task_7_edits,Seed_10,train_900.csv,900,bert-base-uncased,5e-05,16,-,-,-,0.684589800443459,0.7089057135881454,0.7395694500989236,0.6792389802029732
2026-10-04 04:10:58,SemEval_2020_Task_7_edits,Seed_10,train_500.csv,500,bert-base-uncased,5e-05,16,-,-,-,0.6280487804878049,0.5863462093957617,0.5939424457348561,0.5875961734687793
2026-10-04 04:11:23,SemEval_2020_Task_7_edits,Seed_10,train_1300.csv,1300,bert-base-uncased,5e-05,16,-,-,-,0.6341463414634146,0.6788330048422027,0.6994764547486911,0.6313899346146226
